record_id,mean_rr,median_rr,std_rr,min_rr,max_rr,mean_bpm,std_bpm,rmssd,sdnn,pnn50,label
100,0.8112654320987654,0.8125,0.046916879757264315,0.6555555555555556,0.9944444444444445,74.20413921101269,4.30866526725834,0.07405935700361137,0.046916879757264315,14.285714285714285,0
200,0.7031165311653116,0.6666666666666666,0.15847672763398904,0.5027777777777778,1.2361111111111112,88.69045353216676,15.578588433338776,0.1752737057107547,0.15847672763398904,72.5,1
