record_id,mean_rr,median_rr,std_rr,min_rr,max_rr,mean_bpm,std_bpm,rmssd,sdnn,pnn50,label
100,0.8112654320987654,0.8125,0.046916879757264315,0.6555555555555556,0.9944444444444445,74.20413921101269,4.30866526725834,0.07405935700361137,0.046916879757264315,14.285714285714285,0
101,0.8844276094276093,0.8888888888888888,0.02943649751359111,0.8194444444444444,0.9555555555555556,67.91566776548156,2.260840242770819,0.027933590779331618,0.02943649751359111,9.375,0
102,0.8275396825396827,0.825,0.027461464330578614,0.775,0.8861111111111111,72.58316155695364,2.3847436592526448,0.030376779439586374,0.027461464330578614,11.76470588235294,0
103,0.8697811447811448,0.8666666666666667,0.030717793774248575,0.8305555555555556,0.9361111111111111,69.06805864911416,2.413310616257807,0.03134630223136768,0.030717793774248575,12.5,0
200,0.7031165311653116,0.6666666666666666,0.15847672763398904,0.5027777777777778,1.2361111111111112,88.69045353216676,15.578588433338776,0.1752737057107547,0.15847672763398904,72.5,1
201,0.7018518518518518,0.6972222222222222,0.12557871132323875,0.425,1.038888888888889,88.19080465429671,15.732309700969724,0.16681452339438735,0.12557871132323875,80.48780487804879,1
202,1.1224444444444444,1.1194444444444445,0.05077741307916688,0.95,1.2055555555555555,53.57177766980579,2.597141581771949,0.06404720722316018,0.05077741307916688,29.166666666666668,1
203,0.7222916666666667,0.6541666666666667,0.19619990071777985,0.4361111111111111,1.1194444444444445,89.37100738075726,24.06302926564777,0.3096590554318618,0.19619990071777985,94.87179487179486,1
