record_id,mean_rr,std_rr,min_rr,max_rr,mean_bpm,std_bpm,label
100,0.8112654320987654,0.046916879757264315,0.6555555555555556,0.9944444444444445,74.20413921101269,4.30866526725834,0
200,0.7031165311653116,0.15847672763398904,0.5027777777777778,1.2361111111111112,88.69045353216676,15.578588433338776,1
